height,weight
1.7,62.233
1.75,65.9525
1.8,70.041087
1.65,61.38046
1.62,59.0549
1.58,49.86257
1.79,74.999
1.83,70.96815
1.57,54.94779
1.59,55.10084
1.88,75.080304
1.77,60.74884
1.63,65.213945
1.90,74.808495
1.82,69.43608
1.52,50.761904